<?xml version="1.0" encoding="UTF-8"?>
<project-private xmlns="http://www.netbeans.org/ns/project-private/1">
    <editor-bookmarks xmlns="http://www.netbeans.org/ns/editor-bookmarks/2" lastBookmarkId="0"/>
    <open-files xmlns="http://www.netbeans.org/ns/projectui-open-files/2">
        <group>
            <file>file:/C:/Users/arceredillo.adrian/Documents/DAM_1/EBAL_1/Programazioa/UD3_OOP_Aurreratua/2022-02-24Hasierakoa/src/model/Marrazgarria.java</file>
            <file>file:/C:/Users/arceredillo.adrian/Documents/DAM_1/EBAL_1/Programazioa/UD3_OOP_Aurreratua/2022-02-24Hasierakoa/src/model/Kutxa.java</file>
            <file>file:/C:/Users/arceredillo.adrian/Documents/DAM_1/EBAL_1/Programazioa/UD3_OOP_Aurreratua/2022-02-24Hasierakoa/src/model/Puntua.java</file>
            <file>file:/C:/Users/arceredillo.adrian/Documents/DAM_1/EBAL_1/Programazioa/UD3_OOP_Aurreratua/2022-02-24Hasierakoa/src/exec/Test2.java</file>
            <file>file:/C:/Users/arceredillo.adrian/Documents/DAM_1/EBAL_1/Programazioa/UD3_OOP_Aurreratua/2022-02-24Hasierakoa/src/exec/Test3.java</file>
            <file>file:/C:/Users/arceredillo.adrian/Documents/DAM_1/EBAL_1/Programazioa/UD3_OOP_Aurreratua/2022-02-24Hasierakoa/src/exec/Test1.java</file>
            <file>file:/C:/Users/arceredillo.adrian/Documents/DAM_1/EBAL_1/Programazioa/UD3_OOP_Aurreratua/2022-02-24Hasierakoa/src/model/Laukizuzena.java</file>
        </group>
    </open-files>
</project-private>
