<?xml version="1.0" encoding="UTF-8"?>
<project-private xmlns="http://www.netbeans.org/ns/project-private/1">
    <editor-bookmarks xmlns="http://www.netbeans.org/ns/editor-bookmarks/2" lastBookmarkId="0"/>
    <open-files xmlns="http://www.netbeans.org/ns/projectui-open-files/2">
        <group>
            <file>file:/C:/Users/arceredillo.adrian/Documents/DAM_1/EBAL_1/Programazioa/UD3_OOP_Aurreratua/03-Futbola_Herentzia/src/frameak/partidakAntolatu.java</file>
            <file>file:/C:/Users/arceredillo.adrian/Documents/DAM_1/EBAL_1/Programazioa/UD3_OOP_Aurreratua/03-Futbola_Herentzia/src/exekutagarriak/EuskalSelekzioaMenua.java</file>
            <file>file:/C:/Users/arceredillo.adrian/Documents/DAM_1/EBAL_1/Programazioa/UD3_OOP_Aurreratua/03-Futbola_Herentzia/src/exekutagarriak/PartidakKudeatu.java</file>
            <file>file:/C:/Users/arceredillo.adrian/Documents/DAM_1/EBAL_1/Programazioa/UD3_OOP_Aurreratua/03-Futbola_Herentzia/src/model/Partida.java</file>
        </group>
    </open-files>
</project-private>
